INSERT INTO "bucket_approval"("bucket_approval_id", "created_at", "created_by", "resolve_date", "resolve_reason", "updated_at", "updated_by", "user_leave_request_id", "user_id") VALUES (30, '2020-11-21 11:54:34.726', 'Naufal', '2020-11-21', 'Dipersilahkan', '2020-11-21 11:54:34.726', 'Widad', 37, 7);
INSERT INTO "bucket_approval"("bucket_approval_id", "created_at", "created_by", "resolve_date", "resolve_reason", "updated_at", "updated_by", "user_leave_request_id", "user_id") VALUES (31, '2020-11-21 11:54:45.574', 'Naufal', '2020-11-21', 'Dipersilahkan', '2020-11-21 11:54:45.574', 'Widad', 38, 8);
INSERT INTO "bucket_approval"("bucket_approval_id", "created_at", "created_by", "resolve_date", "resolve_reason", "updated_at", "updated_by", "user_leave_request_id", "user_id") VALUES (32, '2020-11-21 11:55:06.82', 'Naufal', '2020-11-21', 'Dipersilahkan', '2020-11-21 11:55:06.82', 'Widad', 36, 6);
INSERT INTO "bucket_approval"("bucket_approval_id", "created_at", "created_by", "resolve_date", "resolve_reason", "updated_at", "updated_by", "user_leave_request_id", "user_id") VALUES (33, '2020-11-21 11:55:43.087', 'Naufal', '2020-11-21', 'Dipersilahkan', '2020-11-21 11:55:43.087', 'Widad', 35, 5);
INSERT INTO "position"("position_id", "created_at", "created_by", "position_name", "updated_at", "updated_by") VALUES (3, '2020-11-20 13:54:42.482', 'Administrator', 'Employee', '2020-11-20 13:55:07.535', 'Administrator');
INSERT INTO "position"("position_id", "created_at", "created_by", "position_name", "updated_at", "updated_by") VALUES (4, '2020-11-20 13:55:24.342', 'Administrator', 'Staff', '2020-11-20 13:55:24.342', 'Administrator');
INSERT INTO "position"("position_id", "created_at", "created_by", "position_name", "updated_at", "updated_by") VALUES (5, '2020-11-20 13:55:29.862', 'Administrator', 'Supervisor', '2020-11-20 13:55:29.862', 'Administrator');
INSERT INTO "position_leave"("position_leave_id", "created_at", "created_by", "employee_leave", "position_leave_date", "staff_leave", "supervisor_leave", "updated_at", "updated_by") VALUES (1, '2020-11-20 14:12:12.629', 'Administrator', 12, '2020-01-01 07:00:00', 13, 15, '2020-11-20 14:12:12.629', 'Administrator');
INSERT INTO "user_leave_request"("user_leave_request_id", "created_at", "created_by", "description", "leave_date_from", "leave_date_to", "remaining_leave", "request_date", "request_status", "updated_at", "updated_by", "user_id") VALUES (37, '2020-11-21 11:54:13.095', 'Administrator', 'Turnamen', '2020-11-23', '2020-11-29', 6, '2020-11-21', 'Approved', '2020-11-21 11:54:34.734', 'Administrator', 7);
INSERT INTO "user_leave_request"("user_leave_request_id", "created_at", "created_by", "description", "leave_date_from", "leave_date_to", "remaining_leave", "request_date", "request_status", "updated_at", "updated_by", "user_id") VALUES (38, '2020-11-21 11:54:14.929', 'Administrator', 'Turnamen', '2020-11-23', '2020-11-29', 9, '2020-11-21', 'Approved', '2020-11-21 11:54:45.575', 'Administrator', 8);
INSERT INTO "user_leave_request"("user_leave_request_id", "created_at", "created_by", "description", "leave_date_from", "leave_date_to", "remaining_leave", "request_date", "request_status", "updated_at", "updated_by", "user_id") VALUES (36, '2020-11-21 11:54:11.624', 'Administrator', 'Turnamen', '2020-11-23', '2020-11-29', 7, '2020-11-21', 'Approved', '2020-11-21 11:55:06.821', 'Administrator', 6);
INSERT INTO "user_leave_request"("user_leave_request_id", "created_at", "created_by", "description", "leave_date_from", "leave_date_to", "remaining_leave", "request_date", "request_status", "updated_at", "updated_by", "user_id") VALUES (35, '2020-11-21 11:54:09.984', 'Administrator', 'Turnamen', '2020-11-23', '2020-11-29', 9, '2020-11-21', 'Approved', '2020-11-21 11:55:43.087', 'Administrator', 5);
INSERT INTO "users"("user_id", "created_at", "created_by", "leave_total", "updated_at", "updated_by", "user_name", "position_id") VALUES (7, '2020-11-20 14:33:33.055', 'Administrator', 6, '2020-11-21 11:54:34.735', 'Administrator', 'Imam', 3);
INSERT INTO "users"("user_id", "created_at", "created_by", "leave_total", "updated_at", "updated_by", "user_name", "position_id") VALUES (8, '2020-11-21 11:49:52.131', 'Administrator', 6, '2020-11-21 11:54:45.575', 'Administrator', 'Zioda', 5);
INSERT INTO "users"("user_id", "created_at", "created_by", "leave_total", "updated_at", "updated_by", "user_name", "position_id") VALUES (6, '2020-11-20 14:33:26.972', 'Administrator', 6, '2020-11-21 11:55:06.821', 'Administrator', 'Rio', 4);
INSERT INTO "users"("user_id", "created_at", "created_by", "leave_total", "updated_at", "updated_by", "user_name", "position_id") VALUES (5, '2020-11-20 14:33:16.336', 'Administrator', 6, '2020-11-21 11:55:43.088', 'Administrator', 'Naufal', 5);
